Dougherty,Antwan,ADough556,PhiFR
Knox,Patrick,PKnoxx539,ArtSR
Parrish,Shane,SParri474,GerSO
Kerr,Jerome,JKerrx130,JouSR
Foley,Adriel,AFoley752,AviJR
Wagner,Seamus,SWagne837,EleSR
Hobbs,Ashton,AHobbs844,UrbFR
Petty,Evie,EPetty205,PubSO
Myers,Leandro,LMyers183,CouSR
Roberts,Julia,JRober830,LibFR
Brandt,Lukas,LBrand112,MedFR
Livingston,Alani,ALivin006,UrbSO
Peterson,Jamiya,JPeter639,MedJR
Roy,Kirsten,KRoyxx825,ManFR
Copeland,Johnny,JCopel583,IntFR
Wong,Amirah,AWongx533,CreSO
Kline,Luciano,LKline201,CybSO
Joseph,Lance,LJosep641,BioSR
Rangel,Paula,PRange431,NeuSR
Massey,Jamie,JMasse853,MusSR
Rubio,Karli,KRubio755,ExeSR
Mcguire,Ellis,EMcgui534,ConJR
Oliver,Madyson,MOlive668,SecFR
Fry,Serenity,SFryxx411,EleJR
Leon,Jaliyah,JLeonx981,GeoSO
Guerrero,Parker,PGuerr247,PolFR
Kemp,Milagros,MKempx897,AviSR
Garza,Aniya,AGarza601,EduFR
Roberts,Zoe,ZRober528,TheSO
Chan,Ryder,RChanx239,ComSR
Norton,Antonio,ANorto172,MusSR
Kim,Jazlene,JKimxx224,ComJR
Cox,America,ACoxxx781,AviSR
Rogers,Colby,CRoger208,SocSR
Conrad,Stella,SConra746,BioSO
Mccullough,Micheal,MMccul223,HeaSR
Hardy,Kolby,KHardy119,MusJR
Tapia,Sophia,STapia838,CheFR
Jacobson,Addison,AJacob891,ConJR
Terrell,Aimee,ATerre390,EmeFR
Cannon,Abagail,ACanno376,AviFR
Conrad,Donald,DConra782,ManJR
Medina,Tiana,TMedin667,EduJR
Vasquez,Edwin,EVasqu466,SecSO
Mcclain,Sofia,SMccla732,PubSR
Nash,Braylon,BNashx498,InfFR
Buchanan,Chaya,CBucha425,ForSR
Juarez,Charlize,CJuare304,RelSR
Yu,Xzavier,XYuxxx036,GerSO
Kent,Timothy,TKentx916,JouFR
Jones,Bailee,BJones121,BioSR
Hoover,Elizabeth,EHoove898,EngFR
Ramos,Jaida,JRamos123,AviSR
Livingston,Perla,PLivin240,ConSR
Simpson,Shayna,SSimps529,EmeSO
Dawson,Jan,JDawso556,WriJR
Huffman,Aryana,AHuffm629,MulSO
Fernandez,Hillary,HFerna684,WomJR
Barnes,Hillary,HBarne360,ComFR
Parks,Kayla,KParks990,EcoSR
Murphy,Todd,TMurph455,SchFR
Kelley,Melissa,MKelle398,ArcSR
Gross,Abbigail,AGross563,AthSO
Benton,Alina,ABento825,SpeSO
Klein,Jadon,JKlein317,ComSO
Love,Saul,SLovex880,InfSO
Galvan,Ingrid,IGalva204,NeuFR
Logan,Zachery,ZLogan143,KinFR
Singleton,Rubi,RSingl219,SocSO
Esparza,Emiliano,EEspar346,ManJR
Salazar,Sierra,SSalaz642,CouFR
Blair,Ashlyn,ABlair906,AccSR
Barrera,Destiney,DBarre582,ComJR
Good,Armani,AGoodx042,BioFR
Mcneil,Maximus,MMcnei765,CreJR
Peters,Jalen,JPeter543,AthJR
Preston,Chana,CPrest732,InfSR
Simmons,Asia,ASimmo665,MusFR
Mccarty,Ronan,RMccar097,BioSO
Mitchell,Adrianna,AMitch124,ArcFR
Evans,Molly,MEvans887,HisSR
Mcclure,Lilah,LMcclu119,SchSR
Riddle,Lola,LRiddl430,PsyJR
Novak,Khloe,KNovak114,SocJR
Harding,Elyse,EHardi535,LitSR
Clark,Aditya,AClark822,MatFR
Patterson,Alvin,APatte967,EduSR
Benson,Deegan,DBenso951,ForFR
Mcbride,Aaron,AMcbri611,EngSR
West,Lilyana,LWestx516,AccSO
Liu,Connor,CLiuxx936,CriSO
Camacho,Asher,ACamac735,PolSO
Hancock,Myles,MHanco239,MatSO
Cook,Asher,ACookx286,GerSO
Tanner,Cale,CTanne834,PolSO
Hester,Trent,THeste168,WriSO
Romero,Cristofer,CRomer870,BlaSO
Caldwell,Maren,MCaldw745,AccSO
Long,Matthew,MLongx733,CivFR
Booker,Remington,RBooke222,TheJR
